---,Text,FontSize
Row1,TestText,Section
Row2,TestText,Speciality
Row3,TestText,Name
Row4,TestText,Name
Row5,TestText,Name
Row6,TestText,Name
Row7,TestText,Name
Row8,TestText,Name
Row9,TestText,Name
Row10,TestText,Name
Row11,TestText,Name
Row12,TestText,Name
Row13,TestText,Name
Row14,TestText,Name
Row15,TestText,Name
Row16,Les Gens,Section
Row17,Le Goat,Speciality
Row18,Moi,Name
Row19,Les Autres,Speciality
Row20,Autre n°1,Name
Row21,Autre n°2,Name
Row22,Autre n°3,Name
Row23,Autre n°4,Name
Row24,Autre n°5,Name
Row25,Autre n°6,Name
Row26,Autre n°7,Name
Row27,Autre n°8,Name
Row28,Autre n°9,Name
Row29,Autre n°10,Name
Row30,Autre n°11,Name
Row31,Autre n°12,Name
Row32,Autre n°13,Name
